{
  "rmse": 4429.94921499471,
  "mae": 2558.189067813144
}